0.0,1.0,0.0,0.0,0.0,1.0,0.0
0.01259022286006926,0.9998414611537679,0.00015853884623197518,0.012589224800806882,0.00015852627845095276,0.9997622011563632,1.9961976497471325e-06
0.02517246156251437,0.9993659451533352,0.0006340548466648425,0.02516447993648849,0.0006338538020171664,0.999049068505519,1.596578365003482e-05
0.03773873701290772,0.9985737535497337,0.0014262464502663081,0.03771181504028945,0.00142522899788395,0.9978613933231264,5.386316448145419e-05
0.05028108024000395,0.9974653887155349,0.0025346112844650535,0.05021731831476051,0.0025313971193264007,0.9962004931873439,0.00012760481026822344
0.06279153744930599,0.9960415535262669,0.003958446473733007,0.06266713574786646,0.003950604055846883,0.9940682101587284,0.00024905035501969936
0.07526217506700666,0.9943031509146825,0.005696849085317644,0.07504749024694939,0.00568059886374637,0.9914669082357211,0.00042998377886605286
0.08768508477110719,0.9922512832981583,0.0077487167018416535,0.08734470066334793,0.007718637013514721,0.9883994700893318,0.0006820946994372108
0.10005238850652229,0.9898872518795933,0.010112748120406865,0.09954520068062966,0.010061484349400993,0.984869293081669,0.0010169597993782533
0.11235624348099103,0.987212555822241,0.012787444177759044,0.11163555753958691,0.012705421755507448,0.9808802845739673,0.0014460244167999816
0.12458884713862609,0.9842288912990096,0.015771108700990393,0.12360249057338138,0.015646250521741803,0.9764368565307923,0.001980584325230628
0.13674244210794617,0.9809381504168233,0.019061849583176665,0.13543288952649088,0.01887929840196216,0.971543919428084,0.0026317677293639452
0.14880932112125536,0.977342420016733,0.022657579983267038,0.14711383263142264,0.022399426355660664,0.966206875473704,0.0034105175025906996
0.16078183190224798,0.9734439803505346,0.026556019649465527,0.15863260441750063,0.0262010359635549,0.9604316111501187,0.004327573691955107
0.1726523820187413,0.969245303634735,0.030754696365265025,0.16997671322641855,0.03027807750649383,0.954224489089823,0.005393456315795853
0.1844134436974567,0.9647490524827833,0.0352509475172166,0.18113390840966664,0.03462405869613689,0.9475923392950508,0.006618448478913043
0.19605755859779836,0.9599580782165598,0.04004192178344028,0.19209219718339546,0.03923205404493435,0.9405424497142519,0.00801257982964909
0.20757734254159935,0.9548754190581938,0.04512458094180609,0.20283986111676713,0.04409471486202282,0.9330825561887286,0.009585610382782762
0.21896549019583858,0.9495042982033609,0.050495701796638974,0.2133654722303687,0.04920427986075639,0.9252208317837254,0.011347014731613371
0.23021477970535675,0.9438481217772743,0.05615187822272576,0.22365790868181695,0.05455258636271944,0.9169658755191299,0.01330596667205583
0.24131807727263477,0.9379104766746722,0.06208952332532775,0.2337063700162733,0.060131082082214904,0.9083267005158042,0.015471324260978836
0.2522683416817299,0.9316951282851706,0.06830487171482931,0.24350039196020862,0.06593083747439273,0.899312721574395,0.017851615330398023
0.2630586287635007,0.92520601810542,0.07479398189458004,0.2530298607374076,0.0719425586293774,0.8899337422042695,0.020455023478484772
0.2736820957992894,0.9184472612395839,0.0815527387604161,0.2622850268868854,0.07815660069397355,0.880199941121015,0.023289374557670023
0.2841320058602687,0.9114231437897246,0.08857685621027558,0.27125651856309846,0.08456298180177427,0.8701218582316919,0.026362123679412323
0.29440173207970116,0.9041381201377466,0.09586187986225324,0.2799353542995693,0.09115139749177063,0.8597103801277457,0.029680342754461273
0.30448476185540335,0.8965968101206291,0.10340318987937092,0.28831295521781347,0.09791123559486294,0.848976725106206,0.03325070858668249
0.3143747009797464,0.8888039961007281,0.11119600389927183,0.2963811566642418,0.1048315915670038,0.837932427740441,0.03707949153771894
0.32406527769457805,0.8807646199330186,0.1192353800669815,0.304132219258534,0.11190128424706752,0.8265893230224025,0.0411725447789486
0.3335503466684915,0.8724837798311883,0.1275162201688117,0.31155883933781336,0.11910887201693017,0.814959530098883,0.04553529414635872
0.34282389289392057,0.8639667271345799,0.13603327286542016,0.3186541587818176,0.12644266934067191,0.803055435624895,0.05017272861309585
0.35188003550158903,0.8552188629780244,0.14478113702197562,0.3254117742051403,0.13389076365926947,0.7908896767578192,0.05508939139356802
0.3607130314898955,0.8462457348666834,0.1537542651333165,0.3318257455035234,0.1414410326166393,0.7784751238164801,0.06028937169207324
0.369317279366869,0.8370530331580686,0.16294696684193144,0.3378906037421008,0.14908116159241777,0.7658248626297799,0.06577629710800788
0.3776873227023851,0.8276465874534701,0.17235341254652992,0.3436013583744295,0.15679866151642513,0.7529521765999626,0.07155332670876927
0.38581785358839044,0.8180323629010848,0.18196763709891517,0.34895350378210394,0.16458088693935838,0.7398705285059849,0.07762314478051392
0.3937037160049414,0.8082164564131844,0.1917835435868155,0.3539430251257131,0.1724150543338904,0.7265935420728316,0.08398795526596407
0.4013399090899217,0.7982050927997263,0.20179490720027368,0.3585664034988845,0.18028826060002287,0.7131349833329556,0.090649476897472
0.4087215903103662,0.7880046208208562,0.21199537917914377,0.36282062037815316,0.18818750174824805,0.6995087418063004,0.09760893903256031
0.415844078533379,0.7776215091608086,0.22237849083919142,0.3667031613623964,0.19609969173382033,0.6857288115256335,0.10486707819815035
0.42270285699469956,0.7670623423257547,0.2329376576742453,0.37021201919658936,0.20401168141522077,0.6718092719341238,0.11242413534868015
0.4292935761630325,0.7563338164682036,0.24366618353179645,0.37334569607565726,0.21191027760971934,0.6577642686822851,0.12027985384229065
0.4356120564983267,0.7454427351406,0.2545572648594001,0.37610320522522434,0.21978226221880182,0.6436079943515397,0.12843347813823552
0.44165429110225285,0.7343960049808155,0.2656039950191845,0.37848407175709425,0.22761441139612457,0.6293546691317644,0.1368837532176363
0.4474164482592002,0.723200631332267,0.27679936866773314,0.38048833279832833,0.2353935147306019,0.6150185214802381,0.14562892472867317
0.45289487386617844,0.7118637138014396,0.28813628619856035,0.3821165368938228,0.24310639441720455,0.6006137687894356,0.15466673985626406
0.4580860937500883,0.7003924417556344,0.29960755824436563,0.38336974268332746,0.25073992438806786,0.5861545980911,0.16399444891525128
0.46298681587088597,0.6887940897637908,0.3112059102362092,0.3842495168548744,0.25828104937656043,0.5716551468239611,0.17360880766507855
0.46759393240924857,0.6770760129832811,0.322923987016719,0.38475793137762593,0.26571680388706137,0.5571294836923876,0.18350608034291144
0.47190452173741415,0.6652456424955965,0.33475435750440363,0.3848975600181707,0.2730343310433256,0.5425915896431105,0.1936820434111273
0.4759158502719481,0.6533104805938873,0.3466895194061127,0.3846714741453249,0.28022090128849053,0.528055338987003,0.20413199001407753
0.4796253742072596,0.6412780960253437,0.3587219039746563,0.384083237829505,0.2872639309099868,0.5135344806926735,0.21485073513801362
0.4830307411287695,0.6291561191914333,0.3708438808085668,0.3831369022437467,0.29415100036286473,0.4990426198783935,0.22583262146706007
0.48612979150470687,0.6169522373090413,0.3830477626909588,0.3818369993744403,0.30086987236533574,0.4845931995285894,0.2370715259271254
0.4889205600555876,0.60467418953558,0.39532581046441984,0.38018853505083694,0.307408509740651,0.47019948246080523,0.24856086690865578
0.4914012770005072,0.5923297620611622,0.40767023793883783,0.3781969813033495,0.31375509297980025,0.4558745335686859,0.26029361215816565
0.49357036917945646,0.5799267831709441,0.42007321682905596,0.3758682680616307,0.31989803749991197,0.4416312023661252,0.2722622873275254
0.4954264610509496,0.5674731182807782,0.4325268817192219,0.373208774204353,0.3258260105736686,0.4274821058573029,0.2844589851690421
0.49696837556433165,0.5549766649493166,0.44502333505068337,0.37022531797353564,0.33152794790551976,0.41343961175685684,0.2968753753634474
0.4981951349062106,0.542445347869732,0.4575546521302679,0.3669251467671734,0.33699306983097677,0.39951582208393543,0.3095027149670013
0.49910596112054395,0.5298871138442308,0.4701128861557691,0.3633159263248065,0.34221089711581326,0.38572255715334636,0.3223318594630345
0.49970027660198324,0.5173099267445452,0.48269007325545493,0.3594057293215347,0.3471712663325615,0.37207133998643666,0.33535327440238616
0.4999777044621652,0.5047217624616017,0.4952782375383982,0.355203023386826,0.35186434479229933,0.3585733811637493,0.34855704761635203
0.4999380687687186,0.4921306038475671,0.5078693961524328,0.35071665856528694,0.3562806450103569,0.34523956414086,0.3619329019849407
0.499581394656832,0.47954443565347865,0.5204555643465213,0.3459558542373548,0.36041103868523144,0.33208043104813545,0.37547020874243614
0.4989079083133139,0.4669712394656723,0.5330287605343276,0.3409301855186486,0.3642467701706987,0.3191061689944682,0.3891580013014967
0.49791803683315583,0.45441898864421626,0.5455810113557837,0.33564956915745214,0.3677794694218271,0.30632659689431,0.4029849895762858
0.4966124079486872,0.4418956432665619,0.5581043567334381,0.33012424895051945,0.3710011643963517,0.29375115283658715,0.4169395747843995
0.49499184963149606,0.4294091450796178,0.5705908549203823,0.32436478069808183,0.3739042928936427,0.2813888820132977,0.43100986470668845
0.4930573895673655,0.41696741246344815,0.5830325875365517,0.3183820167195878,0.3764817138143005,0.2692484252247938,0.44518368938339825
0.4908102545045624,0.40457833540978927,0.5954216645902107,0.31218708995233757,0.37872671782424383,0.25733800797792583,0.45944861722444325
0.48825186947588745,0.3922497705185692,0.6077502294814309,0.3057913976557632,0.38063303740799215,0.2456654301923759,0.4737919715110187
0.48538385689498315,0.37998953601560187,0.6200104639843981,0.29920658474467193,0.38219485629673106,0.23423805652963792,0.4882008472652108
0.4822080355274719,0.367805406794618,0.6321945932053821,0.29244452677529587,0.3834068182576268,0.223062807358214,0.5026621284637243
0.4787264193375753,0.3557051094867736,0.6442948905132264,0.2855173126084847,0.38426403523177244,0.21214615036768028,0.5171625055713587
0.47494121621094854,0.3436963175607657,0.6563036824392343,0.278437226774841,0.3847620948090791,0.20149409284335473,0.5316884933694056
0.4708548265545374,0.3317866464566608,0.6682133535433391,0.2712167315670192,0.38489706702936427,0.19111217461234814,0.546226449053713
0.4664698417743475,0.3199836487565222,0.6800163512434778,0.26386844888479843,0.38466551049985664,0.1810054616708233,0.5607625905767767
0.4617890426320899,0.30829480939489967,0.6917051906051004,0.25640514185889157,0.38406447782030545,0.17117854050131176,0.5752830152078665
0.4568153974817465,0.29672754091221815,0.7032724590877819,0.2488396962797672,0.38309152030787536,0.16163551308795138,0.589773718284883
0.451552060387172,0.2852891787540744,0.7147108212459257,0.24118510185803757,0.3817446920150014,0.1523799926365081,0.6042206121313616
0.4460023691219277,0.2739869766194263,0.7260130233805737,0.2334544333432072,0.38002255303438803,0.14341510000504154,0.6186095451117993
0.44016984305261414,0.2628281018606187,0.7371718981393813,0.22566083152777355,0.37792417208635487,0.13474346085005232,0.6329263207982914
0.4340581809070459,0.2518196309381699,0.74818036906183,0.21781748416383973,0.3754491283847509,0.12636720349193264,0.6471567172212824
0.42767125842868337,0.24096854493319478,0.7590314550668052,0.20993760681951681,0.37259751277869213,0.11828795750250777,0.6612865061771365
0.4210131259188095,0.23028172512031625,0.7697182748796837,0.20203442370248317,0.36936992816840525,0.1105068530164279,0.675301472565123
0.4140880056680088,0.21976594860386595,0.780234051396134,0.1941211484781091,0.3657674891945002,0.10302452076713081,0.6891874337263966
0.4069002892785797,0.20942788402014864,0.7905721159798513,0.18621096510956814,0.36179182120102577,0.09584109284706653,0.7029302587575132
0.399454534879576,0.19927408730849008,0.8007259126915101,0.17831700874731676,0.35744505847370134,0.08895620419083251,0.7165158877710835
0.39175546423624436,0.189310997553752,0.810689002446248,0.17045234669525725,0.3527298417557482,0.0823689947788397,0.7299303510762226
0.3838079597556925,0.17954493290295326,0.8204550670970467,0.16262995948078898,0.3476493150447793,0.07607811255809994,0.7431597882515679
0.37561706139068324,0.16998208655858138,0.8300179134414185,0.15486272205579749,0.3422071216752233,0.07008171707569573,0.756190467083793
0.3671879634435225,0.1606285228511412,0.8393714771488587,0.14716338515545213,0.33640739969178685,0.06437748381948179,0.7690088023447244
0.3585260112720631,0.15149017339342577,0.8485098266065743,0.13954455684144712,0.3302547765204611,0.05896260925954972,0.7816013743804057
0.3496366978999189,0.14257283331895315,0.8574271666810469,0.13201868425606536,0.32375436294458876,0.05383381658299285,0.7939549474857067
0.3405256605330331,0.133882157606951,0.866117842393049,0.12459803561313552,0.31691174639449127,0.048987362113511256,0.8060564880383906
0.33119867698481414,0.12542365749622048,0.8745763425037795,0.11729468245161691,0.3097329835601394,0.04441904240642266,0.81789318236688
0.3216616620121043,0.11720269699015541,0.8827973030098446,0.1101204821771724,0.3022245923373151,0.040124202008678514,0.829452454326346
0.31192066356430453,0.10922448945512982,0.8907755105448701,0.10308706091667252,0.29439354311865995,0.03609774187253284,0.8407219825581556
0.30198185894803525,0.1014940943144143,0.8985059056855857,0.0962057967101324,0.2862472494419462,0.032334128410580386,0.851689717408162
0.2918515509097635,0.09401641383971478,0.9059835861602853,0.08948780306409441,0.27779355800881367,0.028827403178960938,0.8623438974798019
0.2815361636388827,0.08679619004237112,0.913203809957629,0.08294391288995864,0.26904073808812423,0.025571193174632183,0.8726730657984848
0.27104223869377847,0.07983800166618493,0.920161998333815,0.07658466285020751,0.2599974703189537,0.02255872173173365,0.8826660855643115
0.26037643085346357,0.07314626128378411,0.926853738716216,0.07042027813489064,0.2506728349291027,0.01978282000120957,0.8923121554707379
0.24954550389741478,0.06672521249836687,0.9332747875016331,0.06446065769012155,0.24107629938584096,0.01723593899702557,0.9016008245674172
0.23855632631628473,0.060578927252597184,0.9394210727474028,0.058715359919688334,0.23121770549640697,0.014910162191502747,0.9105220066461095
0.22741586695621277,0.05471130324636115,0.9452886967536388,0.05319358888020867,0.2211072559765717,0.012797218641510691,0.919065994129205
0.2161311905994923,0.049126061465018876,0.9508739385349811,0.047904180989549454,0.21075550050633213,0.010888496626499978,0.9272234714411368
0.20470945348440225,0.043826743819722215,0.9561732561802777,0.0428555922675027,0.20017332129253443,0.009175057778625838,0.9349855278436725
0.19315789876703965,0.038816710901292455,0.9611832890987075,0.03805588612694406,0.1893719181589261,0.007647651684509643,0.9423436697168494
0.18148385192803237,0.034099139849083325,0.9659008601509167,0.033512721732916854,0.17836279318481213,0.006296730937512317,0.9492898322680976
0.16969471612704767,0.02967702233618151,0.9703229776638186,0.02923334294627256,0.16715773491413707,0.005112466618749979,0.9558163906529091
0.15779796750803698,0.025553162672220457,0.9744468373277796,0.025224567867661113,0.15576880215741937,0.0040847641844688545,0.9619161704912517
0.14580115045820063,0.021730176025012905,0.9782698239749871,0.021492778996810576,0.1442083074095564,0.003203279736817228,0.9675824577647751
0.13371187282367228,0.018210486762127536,0.9817895132378724,0.018043914021152022,0.13248879990705323,0.0024574366545031534,0.9728090080807471
0.12153780108496402,0.01499632691346376,0.9850036730865361,0.014883457246951013,0.12062304834875655,0.0018364425593137659,0.9775900552895479
0.10928665549522565,0.012089734755797677,0.9879102652442023,0.012016431685184827,0.10862402330464206,0.0013293065939911943,0.9819203194434786
0.096966205184404,0.009492553520197755,0.9905074464798023,0.009447391803472078,0.09650487933765643,0.0009248569865159617,0.9857950140855667
0.08458426323240885,0.007206430223130278,0.9927935697768697,0.007180416954409165,0.08427893686402473,0.0006117588754394312,0.9892098528580121
0.0721486817144045,0.005232814621994606,0.9947671853780055,0.005219105489700192,0.07195966377779865,0.0003785323705337074,0.9921610554208753
0.05966734672137573,0.003572958295752051,0.9964270417042479,0.003566569568489897,0.05956065686576995,0.00021357082269166087,0.9946453526725981
0.04714817335911902,0.0022279138512300433,0.9977720861487699,0.0022254306673146268,0.04709562303915849,0.00010515927671041843,0.9966599912649357
0.03459910072883711,0.0011985342556060776,0.998801465744394,0.001197815798086618,0.034578360408759556,4.14930803307383e-05,0.9982027374058798
0.022028086892514558,0.00048547229549386373,0.9995145277045062,0.0004853544395133279,0.022022739230445797,1.0696622681234378e-05,0.9992718799451679
0.009443103826269238,8.918016297516901e-05,0.9999108198370249,8.917618633577357e-05,0.009442682748111966,8.421750917113743e-07,0.9998662327379947
-0.0031478676351177175,9.90916883984871e-06,0.9999900908311602,9.909119743913537e-06,-0.0031478520387031397,-3.1192906430147805e-08,0.9999851362835622
-0.015736842859293047,0.00024770958321569946,0.9997522904167843,0.00024767890129672197,-0.015734893655183532,-3.898649682156737e-06,0.9996284586361406
-0.028315838479827167,0.0008024306036893982,0.9991975693963107,0.000802108591641485,-0.028304475452176743,-2.273061706697722e-05,0.9987965955873459
-0.040876877458910776,0.0016737204509386986,0.9983262795490613,0.0016723191942912335,-0.04084265490027813,-6.84737927645305e-05,0.9974904701193728
-0.05341199414603478,0.0028610265918151273,0.9971389734081848,0.0028569309236834172,-0.05333553284962432,-0.00015303220698499267,0.9957115311299629
-0.06591323932945113,0.004363596089735863,0.9956364039102641,0.00435406519570855,-0.06576927272802265,-0.0002882483406328294,0.9934617514309192
-0.07837268527720888,0.006180476082162618,0.9938195239178372,0.006161347337865375,-0.07813011965012348,-0.0004858843322884984,0.9907436250230097
-0.09078243076456662,0.008310514384864368,0.9916894856151357,0.008275910015170735,-0.0904044194104698,-0.0007576033010978148,0.987560163651141
-0.10313460608459836,0.010752360222581423,0.9892476397774186,0.010694397366930892,-0.10257863733343046,-0.0011149508125172284,0.9839148926446891
-0.11542137803880892,0.01350446508562655,0.9864955349143734,0.01341296984846395,-0.11463937695321724,-0.0015693365136590102,0.9798118460489104
-0.1276349549046006,0.016565083711881055,0.983434916288119,0.016427309770858038,-0.12657339849743982,-0.0021320159647383275,0.9752555610543463
-0.1397675913764345,0.019932275193561843,0.9800677248064382,0.019732627530850325,-0.13836763714792089,-0.002814072692843718,0.9702510717321418
-0.15181159347755838,0.02360390420805866,0.9763960957919412,0.02332366852192844,-0.15000922105282277,-0.0036264004939352296,0.9648039020841856
-0.16375932343918423,0.02757764237206063,0.9724223576279393,0.027194720716781164,-0.16148548906448412,-0.004579686008619695,0.9589200584179498
-0.17560320454401876,0.03185096971811262,0.9681490302818874,0.03133962291026583,-0.17278400817775594,-0.005684391596861352,0.9526060210568628
-0.1873357259310813,0.03642117629266672,0.9635788237073333,0.03575177361111857,-0.18389259064406194,-0.006950738536359557,0.9458687353980062
-0.19894944735875508,0.041285363874613276,0.9587146361253868,0.040424140569703,-0.19479931073685797,-0.008388690568862048,0.938715602329842
-0.21043700392305809,0.04644044781320409,0.9535595521867959,0.045349270928188565,-0.2054925211446755,-0.010007937818186315,0.9311544680235863
-0.22179111072813518,0.05188315898419965,0.9481168410158004,0.050519301978655826,-0.21596086896845296,-0.011817881103189291,0.9231936131127486
-0.23300456750601467,0.05761004586300215,0.9423899541369979,0.0559259725137617,-0.2261933113004337,-0.013827616668362696,0.9148417412762047
-0.24407026318269762,0.06361747671345876,0.9363825232865411,0.06156063475374841,-0.23617913036250018,-0.0160459213541339,0.9061079672410363
-0.2549811803876823,0.06990164189094582,0.9300983581090541,0.06741426683275563,-0.2459079481824404,-0.01848123822832376,0.897001804222188
-0.26573039990406905,0.0764585562582765,0.9235414437417236,0.07347748582660034,-0.2553697407873106,-0.021141662699555547,0.8875331508167844
-0.2763111050564174,0.08328406171289603,0.9167159382871041,0.07974056130340873,-0.2645548518937347,-0.024034929132718253,0.877712277371742
-0.2867165860335791,0.09037382982376573,0.9096261701762343,0.08619342937774425,-0.27345400607571024,-0.027168397985872846,0.8675498118440399
-0.29694024414375936,0.09772336457626006,0.9022766354237398,0.09282570724814976,-0.2820583213912261,-0.03054904348724255,0.8570567251737472
-0.3069755959991139,0.1053280052233389,0.894671994776661,0.0996267081973362,-0.2903593214497754,-0.034183441870158884,0.8462443161905878
-0.31681627762722436,0.11318292924118577,0.8868170707588143,0.10658545703358603,-0.2983489469036419,-0.038077760183036664,0.8351241960754889
-0.32645604850684445,0.1212831553874362,0.8787168446125637,0.1136907059513078,-0.3060195663466577,-0.042237745690629123,0.8237082723991934
-0.33588879552536194,0.12962354686006078,0.8703764531399393,0.12093095078808455,-0.31336398660498355,-0.04666871588197223,0.8120087327606106
-0.34510853685545984,0.13819881455489436,0.8618011854451056,0.12829444765498307,-0.3203754624053145,-0.051375549099555995,0.8000380280481486
-0.35410942574852644,0.14700352041975143,0.8529964795802486,0.13576922991636778,-0.3270477054068223,-0.05636267580337842,0.7878088553478121
-0.3628857542424009,0.1560320809029949,0.8439679190970052,0.14334312549495218,-0.3333748925840315,-0.06163407048262461,0.7753341405223393
-0.37143195678110863,0.16527877049437598,0.8347212295056239,0.1510037744773654,-0.33935167394876997,-0.06719324422679389,0.7626270204861274
-0.3797426137442894,0.17473772535589777,0.8252622746441022,0.15873864699507553,-0.344973179600266,-0.07304323796715172,0.7497008252011199
-0.387812454884078,0.18440294704039936,0.8155970529596007,0.16653506135511775,-0.3502350260934252,-0.07918661639842617,0.7365690594192261
-0.39563636266725943,0.19426830629550232,0.8057316937044977,0.17438020239472005,-0.3551333221162944,-0.08562546258969687,0.7232453841972051
-0.4032093755205821,0.2043275469505111,0.795672453049489,0.18226114003359975,-0.35966467346870523,-0.09236137329244229,0.7097435982102558
-0.410526690977165,0.21457428988379604,0.785425710116204,0.19016484799741387,-0.36382618733508065,-0.09939545495270805,0.6960776188908548
-0.4175836687220083,0.2250020370681484,0.7749979629318516,0.19807822268561068,-0.3676154758454024,-0.10672832043336042,0.6822614634196176
-0.42437583353467334,0.23560417569153783,0.7643958243084621,0.20598810215671337,-0.37103065891934617,-0.11436008645136833,0.6683092295951695
-0.4308988781272691,0.2463739823506649,0.7536260176493349,0.21388128520390845,-0.37407036638961855,-0.1222903717340417,0.6542350766101831
-0.4371486658759415,0.2573046273146426,0.7426953726853575,0.2217445504936693,-0.3767337394015514,-0.13051829589711808,0.6400532057608695
-0.4431212334441341,0.26838917885610525,0.7316108211438946,0.229564675740063,-0.3790204310870464,-0.13904247904656394,0.6257778411173036
-0.44881279329596235,0.279620607647004,0.7203793923529959,0.2373284568873385,-0.38093060651199834,-0.14786104210492523,0.6114232101820085
-0.4542197360980975,0.2909917912162906,0.7090082087837094,0.24502272727336816,-0.38246494189735347,-0.156971607862014,0.5970035245642509
-0.4593386330086456,0.30249551846667183,0.6975044815333281,0.2526343767465577,-0.3836246231150049,-0.16637130274869802,0.582532960697459
-0.4641662378515657,0.3141244942475644,0.6858755057524355,0.2601503707088917,-0.3844113434607549,-0.17605675933151316,0.5680256406271259
-0.46869948917525056,0.3258713439813561,0.6741286560186439,0.2675577690578954,-0.3848273007076066,-0.18602411952480036,0.5534956128964352
-0.47293551219396207,0.3377286183400327,0.6622713816599674,0.2748437450004287,-0.3848751934436728,-0.19626903851602984,0.5389568335567307
-0.476871620610892,0.34968879796920826,0.6503112020307917,0.2819956037114151,-0.38455821670001156,-0.2067866893989657,0.5244231473297495
-0.4805053183216922,0.3617442982565665,0.6382557017434334,0.28900080081083074,-0.3838800568747082,-0.21757176850831147,0.5099082689483211
-0.4838343009973922,0.3738874741416824,0.6261125258583174,0.2958469606325286,-0.3828448859605286,-0.22861850144846604,0.4954257647019905
-0.4868564575457021,0.3861106249641787,0.6138893750358213,0.3025218942587765,-0.3814573550844598,-0.23992064980803612,0.4809890342137122
-0.48956987144977243,0.39840599934713966,0.6015940006528605,0.3090136172947173,-0.37972258736843756,-0.25147151855076366,0.466611292473439
-0.4919728219835642,0.4107658001126909,0.5892341998873091,0.31531036735733303,-0.37764617012152457,-0.2632639640725689,0.45230555215405194
-0.4940637853030571,0.4231821892266208,0.5768178107733791,0.3214006212538952,-0.37523414637476094,-0.2752904029134429,0.4380846062346842
-0.49584143541260217,0.4356472927689107,0.5643527072310893,0.3272731118253298,-0.3724930057708398,-0.28754282111199747,0.42396101095603683
-0.49730464500580995,0.44815320592702584,0.5518467940729742,0.3329168444304049,-0.3694296748216854,-0.3000127841895622,0.40994706913181295
-0.49845248618043764,0.4606919980087935,0.5393080019912067,0.33832111304715246,-0.36605150654791097,-0.31269144774980673,0.39605481383989277
-0.49928423102682323,0.4732557174716952,0.5267442825283049,0.3434755159684894,-0.36236626951501183,-0.3255695686789982,0.38229599251631247
-0.4997993520894937,0.48583639696537784,0.5141636030346223,0.34836997106957523,-0.3583821362820154,-0.3386375169311332,0.36868205147455124
-0.499997522701653,0.4984260583841947,0.5015739416158053,0.3529947306250576,-0.35410767127913656,-0.3518852878813601,0.3552241208719957
-0.49987861719234056,0.5110167179265633,0.48898328207343666,0.3573403956549958,-0.3495518181318152,-0.36530251523027857,0.341933000144842
-0.4994427109661252,0.5236003911579342,0.4763996088420657,0.3613979297789225,-0.3447238864492878,-0.37887848444092304,0.32881914393199757
-0.4986900804552878,0.5361690980741659,0.4638309019258342,0.365158672558212,-0.33963353809661667,-0.3926021466894814,0.3158926485078544
-0.4976212029445195,0.5487148681620859,0.4512851318379142,0.3686143523076419,-0.3342907729698329,-0.40646213331004527,0.30316323874308254
-0.4962367562682495,0.561229745454035,0.4387702545459649,0.37175709835780074,-0.32870591429455975,-0.42044677071299924,0.2906402556118274
-0.49453761838079296,0.5737057935731864,0.4262942064268136,0.37457945275077204,-0.3228895934691593,-0.4345440957559678,0.27833264426291754
-0.4925248667995909,0.5861351007664432,0.41386489923355696,0.3770743813523327,-0.3168527344740934,-0.44874187154559586,0.26624894267187604
-0.4901997779218968,0.5985097849217178,0.4014902150782823,0.3792352843647387,-0.3106065378698149,-0.4630276036478135,0.2543972708897103
-0.48756382621534317,0.6108219985664158,0.3891780014335842,0.3810560062250222,-0.3041624644060822,-0.47738855668365826,0.2427853209035869
-0.484618683282899,0.6230639338439545,0.3769360661560454,0.38253084487460115,-0.29753221826614773,-0.49181177128717396,0.23142034712362716
-0.4813662168028144,0.6352278274651557,0.3647721725348444,0.3836545603868991,-0.2907277299697938,-0.5062840814013777,0.22030915750917154
-0.47780848934422177,0.6473059656313781,0.3526940343686219,0.3844223829405868,-0.2837611389596682,-0.5207921318878116,0.20945810534693218
-0.47394775705914727,0.659290688926263,0.340709311073737,0.3848300201269925,-0.27664477589583186,-0.5353223964247386,0.19887308169253437
-0.46978646825175935,0.6711743971729964,0.3288256028270036,0.38487366358117436,-0.2693911446838339,-0.5498611956686343,0.18855950848598438
-0.46532726182576317,0.6829495542540012,0.3170504457459989,0.3845499949271129,-0.2620129042620225,-0.5643947156532354,0.17852233235065249
-0.4605729656109265,0.6946086928900052,0.3053913071099948,0.3838561910284624,-0.2545228501741331,-0.5789090264000745,0.168766019084373
-0.45552659456979544,0.7061444193754592,0.29385558062454076,0.38278992853728566,-0.2469338959535011,-0.593390100714129,0.15929454885027128
-0.4501913488857401,0.7175494182672935,0.28245058173270643,0.3813493877342004,-0.2392590543455202,-0.6078238331379263,0.1501114120739382
-0.4445706119335408,0.7288164570240461,0.271183542975954,0.3795332556543757,-0.23151141839519113,-0.6221960590372407,0.1412196060525515
-0.4386679481338032,0.7399383905924163,0.2600616094075837,0.37734072849483286,-0.22370414242679973,-0.6364925737913082,0.1326216322805323
-0.4324871006925614,0.7509081659383413,0.24909183406165863,0.3747715132995339,-0.2158504229429144,-0.6506991520603518,0.12431949449529565
-0.4260319892275033,0.7617188265197147,0.23828117348028527,0.37182582891976484,-0.2079634794700099,-0.6648015671030725,0.11631469744563055
-0.4193067072823252,0.7723635166979131,0.22763648330208686,0.36850440624836117,-0.2000565353780985,-0.6787856101167071,0.10860824638420825
-0.4123155197307877,0.7828354860853396,0.2171645139146603,0.3648084877273511,-0.19214279870177992,-0.6926371095722154,0.10120064728467879
-0.4050628600721236,0.7931280938262166,0.20687190617378348,0.36073982612963507,-0.1842354429901302,-0.7063419505171475,0.09409190778279054
-0.3975533276195102,0.8032348128079202,0.19676518719207983,0.35630068261634884,-0.17634758821279484,-0.7198860938188058,0.08728153883992168
-0.38979168458339114,0.8131492338001838,0.18685076619981625,0.35149382407259727,-0.16849228174958017,-0.7332555953203822,0.08076855712638732
-0.38178285305149334,0.8228650695195469,0.17713493048045312,0.3463225197252651,-0.16068247949070705,-0.7464366248828845,0.07455148812085156
-0.37353191186745954,0.8323761586164693,0.1676238413835306,0.3407905370476471,-0.1529310270747431,-0.7594154852858124,0.06862836992115735
-0.36504409341007293,0.8416764695825834,0.15832353041741673,0.3349021369566465,-0.14525064129102377,-0.7721786309597495,0.06299675776086432
-0.3563247802751141,0.8507601045756082,0.14923989542439176,0.3286620683093028,-0.1376538916731363,-0.7847126865242787,0.05765372922477649
-0.34737950186196065,0.8596213031594987,0.14037869684050128,0.3220755617064141,-0.13015318230977582,-0.7970044651048905,0.05259589015574908
-0.33821393086708756,0.8682544459574562,0.13174555404254393,0.31514832261199754,-0.1227607338989606,-0.8090409864028729,0.047819381244067254
-0.3288338796866977,0.8766540582154856,0.1233459417845144,0.3078865237983166,-0.11548856607125307,-0.8208094944925214,0.0433198852897215
-0.31924529673075785,0.8848148132742427,0.11518518672575717,0.3002967971271586,-0.1083484800072421,-0.8322974753203948,0.039092635126936684
-0.3094542626507829,0.8927315359469624,0.10726846405303755,0.2923862246789969,-0.10135204137412772,-0.8434926738817509,0.03513242219937179
-0.29946698648375947,0.90039920580133,0.09960079419866999,0.28416232924260115,-0.09451056360578805,-0.854383111049771,0.03143360577347281
-0.2892898017146492,0.9078129603432179,0.09218703965678218,0.2756330641785674,-0.08783509155021578,-0.8649571000336668,0.02799012277655
-0.2789291622599769,0.9149680981002605,0.08503190189973944,0.2668068026711395,-0.08133638550769351,-0.8752032624422805,0.02479549824526173
-0.2683916383750436,0.92186008160332,0.07813991839667998,0.257692326383559,-0.07502490568250979,-0.8851105439303664,0.021842856369310226
-0.2576839124873655,0.9284845402639442,0.07151545973605564,0.24829881353303668,-0.06891079707043382,-0.894668229405311,0.019124932114307852
-0.24681277495897427,0.934837273146002,0.06516272685399804,0.2386358264022601,-0.0630038748035362,-0.9038659577727015,0.016634083406941735
-0.23578511978027344,0.9409142516297269,0.059085748370273125,0.22871329830516307,-0.057313609973298575,-0.9126937361997739,0.014362303864764985
-0.22460794019817845,0.9467116219664891,0.05328837803351087,0.21854152002545682,-0.05184911595226443,-0.9211419538764822,0.012301236052161674
-0.21328832428130923,0.9522257077226715,0.04777429227732854,0.20813112574717005,-0.04661913523377083,-0.9292013952546339,0.010442185243281246
-0.20183345042505477,0.9574530121110987,0.04254698788890136,0.1974930784971813,-0.0416320268085668,-0.9368632527462704,0.008776133672016065
-0.19025058279935425,0.9623902202085444,0.037609779791455744,0.18663865512041092,-0.03689575409634926,-0.9441191388632554,0.007293755248397096
-0.1785470667420863,0.9670342010579065,0.032965798942093553,0.1755794308090154,-0.03241787344945992,-0.9509610977808113,0.005985430720118485
-0.16673032410098074,0.9713820096537222,0.028617990346277725,0.1643272632075535,-0.028205523245164392,-0.9573816163085751,0.004841263257264181
-0.15480784852701537,0.9754308888097581,0.024569111190241803,0.15289427611671083,-0.024265413582099233,-0.9633736342535754,0.0038510944377071485
-0.1427872007222779,0.9791782709074942,0.020821729092505785,0.14129284281873147,-0.020603816595604837,-0.968930554160406,0.0030045206100775125
-0.13067600364530363,0.9826217795243938,0.01737822047560619,0.1295355690482457,-0.01722655740577834,-0.9740462504147498,0.002290909610657209
-0.11848193767693685,0.9857592309409245,0.01424076905907547,0.11763527563269768,-0.014139005711180446,-0.9787150776973155,0.0016994178100537913
-0.1062127357497751,0.9885886355253757,0.01141136447462427,0.10560498082703601,-0.01134606804020268,-0.9829318787761671,0.0012190074650338045
-0.09387617844429014,0.9911081989955938,0.008891801004406162,0.09345788236777697,-0.008852180671165966,-0.9866919916263739,0.0008384643504610607
-0.08148008905472827,0.9933163235568366,0.006683676443163345,0.08120733927193785,-0.006661303231262585,-0.98999125586686,0.000546415645884398
-0.0690323286279275,0.9952116089150231,0.0047883910849768644,0.06886685340671785,-0.004776912983487698,-0.9928260185053002,0.00033134805095636025
-0.05654079097819367,0.9967928531647373,0.003207146835262722,0.056450050856118254,-0.003201999809720441,-0.9951931389829008,0.00018162610353677843
-0.04401339768139293,0.9980590535514234,0.0019409464485766867,0.04397066311098319,-0.0019390618971210445,-0.9970899935118914,8.551067404592959e-05
-0.03145809305144356,0.9990094071072877,0.0009905928927123736,0.03144250810920649,-0.0009901021340071932,-0.9985144786995616,3.1177609380295e-05
-0.018882839102385605,0.9996433111605052,0.0003566888394948029,0.018879471153048433,-0.0003566252203571278,-0.9994650144536926,6.736499490041816e-06
-0.006295610499228596,0.999960363717407,3.9636282592895114e-05,0.006295485730693822,-3.963549706766232e-05,-0.9999405461652525,2.495395423011359e-07
0.006295610499227907,0.999960363717407,3.963628259288645e-05,-0.006295485730693134,-3.9635497067653655e-05,-0.9999405461652525,-2.49539542301054e-07
0.018882839102385363,0.9996433111605052,0.00035668883949479375,-0.01887947115304819,-0.00035662522035711863,-0.9994650144536926,-6.736499490041556e-06
0.03145809305144286,0.9990094071072877,0.0009905928927123298,-0.0314425081092058,-0.0009901021340071494,-0.9985144786995616,-3.1177609380292934e-05
0.04401339768139224,0.9980590535514234,0.0019409464485766255,-0.0439706631109825,-0.0019390618971209834,-0.9970899935118914,-8.551067404592555e-05
0.05654079097819298,0.9967928531647373,0.0032071468352626435,-0.05645005085611756,-0.003201999809720363,-0.9951931389829008,-0.00018162610353677177
0.06903232862792726,0.9952116089150231,0.00478839108497683,-0.0688668534067176,-0.004776912983487663,-0.9928260185053002,-0.0003313480509563566
0.08148008905472758,0.9933163235568366,0.006683676443163231,-0.08120733927193716,-0.006661303231262472,-0.98999125586686,-0.0005464156458843841
0.09387617844428946,0.991108198995594,0.00889180100440603,-0.0934578823677763,-0.008852180671165836,-0.9866919916263742,-0.0008384643504610423
0.10621273574977486,0.9885886355253757,0.011411364474624217,-0.10560498082703576,-0.011346068040202629,-0.9829318787761671,-0.001219007465033796
0.11848193767693618,0.9857592309409248,0.014240769059075304,-0.11763527563269702,-0.014139005711180281,-0.9787150776973158,-0.0016994178100537619
0.130676003645303,0.982621779524394,0.017378220475606013,-0.1295355690482451,-0.017226557405778168,-0.9740462504147501,-0.0022909096106571744
0.14278720072227727,0.9791782709074944,0.020821729092505594,-0.14129284281873086,-0.02060381659560465,-0.9689305541604063,-0.0030045206100774713
0.15480784852701518,0.9754308888097584,0.024569111190241733,-0.15289427611671064,-0.024265413582099167,-0.9633736342535757,-0.0038510944377071325
0.16673032410098013,0.9713820096537225,0.02861799034627751,-0.16432726320755292,-0.028205523245164184,-0.9573816163085753,-0.004841263257264126
0.17854706674208567,0.9670342010579067,0.03296579894209332,-0.17557943080901478,-0.03241787344945969,-0.9509610977808116,-0.005985430720118419
0.19025058279935408,0.9623902202085444,0.03760977979145567,-0.18663865512041072,-0.03689575409634918,-0.9441191388632554,-0.0072937552483970745
0.20183345042505416,0.9574530121110989,0.04254698788890109,-0.19749307849718073,-0.04163202680856655,-0.9368632527462707,-0.008776133672015983
0.21328832428130862,0.9522257077226717,0.04777429227732825,-0.20813112574716947,-0.04661913523377055,-0.9292013952546342,-0.01044218524328115
0.22460794019817787,0.9467116219664895,0.05328837803351057,-0.2185415200254563,-0.051849115952264144,-0.9211419538764829,-0.012301236052161569
0.23578511978027322,0.9409142516297269,0.05908574837027302,-0.22871329830516285,-0.05731360997329848,-0.9126937361997739,-0.014362303864764945
0.24681277495897375,0.9348372731460024,0.06516272685399772,-0.23863582640225964,-0.0630038748035359,-0.9038659577727021,-0.016634083406941613
0.25768391248736494,0.9284845402639447,0.07151545973605532,-0.2482988135330362,-0.06891079707043353,-0.8946682294053117,-0.019124932114307724
0.26839163837504343,0.9218600816033202,0.07813991839667986,-0.2576923263835588,-0.07502490568250968,-0.8851105439303667,-0.021842856369310173
0.2789291622599763,0.9149680981002609,0.08503190189973905,-0.26680680267113904,-0.08133638550769315,-0.8752032624422812,-0.024795498245261564
0.2892898017146487,0.9078129603432181,0.09218703965678181,-0.275633064178567,-0.08783509155021543,-0.8649571000336671,-0.02799012277654983
0.29946698648375897,0.9003992058013304,0.0996007941986696,-0.2841623292426007,-0.0945105636057877,-0.8543831110497716,-0.03143360577347263
0.30945426265078274,0.8927315359469626,0.10726846405303742,-0.2923862246789968,-0.10135204137412761,-0.8434926738817512,-0.035132422199371724
0.31924529673075736,0.8848148132742432,0.11518518672575676,-0.30029679712715823,-0.10834848000724173,-0.8322974753203953,-0.039092635126936476
0.3288338796866972,0.876654058215486,0.12334594178451397,-0.30788652379831627,-0.1154885660712527,-0.820809494492522,-0.04331988528972127
0.33821393086708734,0.8682544459574562,0.13174555404254376,-0.3151483226119973,-0.12276073389896043,-0.8090409864028729,-0.04781938124406717
0.34737950186196015,0.8596213031594991,0.14037869684050083,-0.32207556170641377,-0.13015318230977543,-0.7970044651048911,-0.05259589015574882
0.35632478027511366,0.8507601045756086,0.14923989542439128,-0.3286620683093024,-0.13765389167313588,-0.7847126865242794,-0.05765372922477622
0.3650440934100725,0.8416764695825837,0.15832353041741623,-0.3349021369566461,-0.14525064129102336,-0.77217863095975,-0.06299675776086403
0.37353191186745943,0.8323761586164695,0.16762384138353045,-0.34079053704764706,-0.152931027074743,-0.7594154852858126,-0.06862836992115727
0.3817828530514929,0.8228650695195473,0.17713493048045262,-0.34632251972526484,-0.16068247949070663,-0.7464366248828851,-0.07455148812085124
0.3897916845833907,0.8131492338001842,0.18685076619981572,-0.351493824072597,-0.16849228174957973,-0.7332555953203828,-0.08076855712638698
0.39755332761951007,0.8032348128079203,0.19676518719207964,-0.35630068261634873,-0.1763475882127947,-0.719886093818806,-0.08728153883992154
0.4050628600721232,0.7931280938262172,0.20687190617378293,-0.3607398261296348,-0.18423544299012978,-0.7063419505171483,-0.09409190778279017
0.4123155197307874,0.7828354860853401,0.2171645139146598,-0.3648084877273509,-0.19214279870177955,-0.6926371095722161,-0.10120064728467842
0.4193067072823249,0.7723635166979137,0.2276364833020863,-0.368504406248361,-0.20005653537809812,-0.6787856101167079,-0.10860824638420787
0.4260319892275032,0.7617188265197149,0.23828117348028513,-0.3718258289197648,-0.20796347947000982,-0.6648015671030727,-0.11631469744563043
0.432487100692561,0.7509081659383419,0.24909183406165802,-0.3747715132995337,-0.21585042294291396,-0.6506991520603526,-0.1243194944952952
0.4386679481338029,0.7399383905924168,0.2600616094075831,-0.37734072849483274,-0.22370414242679929,-0.636492573791309,-0.13262163228053186
0.44457061193354064,0.7288164570240463,0.27118354297595376,-0.3795332556543756,-0.231511418395191,-0.622196059037241,-0.14121960605255132
0.4501913488857398,0.7175494182672942,0.2824505817327058,-0.3813493877342004,-0.2392590543455198,-0.6078238331379273,-0.15011141207393772
0.45552659456979516,0.7061444193754598,0.29385558062454015,-0.38278992853728555,-0.24693389595350068,-0.5933901007141298,-0.15929454885027078
0.4605729656109262,0.6946086928900057,0.3053913071099942,-0.3838561910284623,-0.2545228501741327,-0.5789090264000751,-0.1687660190843725
0.465327261825763,0.6829495542540014,0.31705044574599867,-0.3845499949271129,-0.26201290426202234,-0.5643947156532356,-0.17852233235065226
0.4697864682517591,0.6711743971729969,0.328825602827003,-0.38487366358117425,-0.2693911446838335,-0.549861195668635,-0.18855950848598382
0.4739477570591471,0.6592906889262635,0.3407093110737365,-0.3848300201269925,-0.27664477589583153,-0.5353223964247392,-0.1988730816925339
0.47780848934422165,0.6473059656313783,0.3526940343686217,-0.3844223829405868,-0.28376113895966804,-0.5207921318878118,-0.20945810534693193
0.48136621680281416,0.6352278274651562,0.3647721725348437,-0.38365456038689905,-0.29072772996979335,-0.5062840814013783,-0.22030915750917093
0.4846186832828989,0.6230639338439552,0.3769360661560449,-0.3825308448746013,-0.29753221826614745,-0.4918117712871748,-0.23142034712362666
0.487563826215343,0.6108219985664165,0.38917800143358355,-0.3810560062250223,-0.30416246440608186,-0.47738855668365904,-0.24278532090358626
0.49019977792189673,0.5985097849217179,0.40149021507828203,-0.37923528436473863,-0.31060653786981474,-0.4630276036478137,-0.25439727088971004
0.49252486679959073,0.5861351007664438,0.41386489923355624,-0.3770743813523328,-0.31685273447409307,-0.44874187154559664,-0.2662489426718754
0.49453761838079285,0.5737057935731871,0.42629420642681287,-0.37457945275077215,-0.32288959346915896,-0.4345440957559686,-0.2783326442629168
0.4962367562682494,0.5612297454540351,0.43877025454596474,-0.3717570983578008,-0.3287059142945597,-0.4204467707129994,-0.2906402556118272
0.4976212029445194,0.5487148681620864,0.45128513183791363,-0.36861435230764195,-0.3342907729698326,-0.4064621333100458,-0.30316323874308193
0.4986900804552877,0.5361690980741666,0.4638309019258334,-0.36515867255821216,-0.33963353809661634,-0.3926021466894821,-0.3158926485078537
0.4994427109661252,0.5236003911579349,0.4763996088420651,-0.3613979297789227,-0.3447238864492876,-0.3788784844409237,-0.32881914393199696
0.4998786171923405,0.5110167179265636,0.48898328207343633,-0.35734039565499587,-0.349551818131815,-0.36530251523027873,-0.3419330001448417
0.4999975227016531,0.49842605838419546,0.5015739416158046,-0.35299473062505793,-0.35410767127913634,-0.3518852878813609,-0.355224120871995
0.4997993520894937,0.4858363969653786,0.5141636030346215,-0.3483699710695755,-0.3583821362820151,-0.33863751693113403,-0.36868205147455035
0.4992842310268233,0.4732557174716955,0.5267442825283045,-0.3434755159684895,-0.3623662695150117,-0.32556956867899856,-0.38229599251631213
0.4984524861804376,0.4606919980087943,0.5393080019912057,-0.33832111304715273,-0.3660515065479106,-0.3126914477498075,-0.39605481383989166
0.49730464500581,0.4481532059270266,0.5518467940729734,-0.33291684443040526,-0.3694296748216852,-0.30001278418956295,-0.409947069131812
0.4958414354126022,0.4356472927689114,0.5643527072310885,-0.3272731118253301,-0.3724930057708396,-0.2875428211119982,-0.4239610109560359
0.4940637853030573,0.42318218922662154,0.5768178107733785,-0.3214006212538955,-0.3752341463747608,-0.27529040291344364,-0.4380846062346834
0.49197282198356435,0.41076580011269165,0.5892341998873084,-0.31531036735733337,-0.37764617012152446,-0.2632639640725696,-0.45230555215405116
0.48956987144977243,0.39840599934713994,0.6015940006528602,-0.30901361729471744,-0.3797225873684375,-0.2514715185507639,-0.46661129247343863
0.48685645754570234,0.3861106249641795,0.6138893750358204,-0.30252189425877696,-0.3814573550844597,-0.23992064980803687,-0.4809890342137112
0.48383430099739244,0.3738874741416832,0.6261125258583168,-0.2958469606325291,-0.3828448859605286,-0.2286185014484668,-0.4954257647019896
0.4805053183216924,0.3617442982565669,0.6382557017434333,-0.289000800810831,-0.3838800568747084,-0.21757176850831184,-0.5099082689483209
0.47687162061089217,0.34968879796920893,0.6503112020307911,-0.2819956037114154,-0.38455821670001156,-0.20678668939896627,-0.5244231473297487
0.4729355121939621,0.3377286183400329,0.6622713816599669,-0.2748437450004288,-0.3848751934436727,-0.1962690385160301,-0.5389568335567303
0.468699489175251,0.32587134398135725,0.6741286560186429,-0.2675577690578962,-0.38482730070760673,-0.18602411952480133,-0.5534956128964339
0.4641662378515661,0.31412449424756517,0.6858755057524349,-0.26015037070889224,-0.38441134346075506,-0.1760567593315138,-0.5680256406271251
0.45933863300864575,0.30249551846667205,0.6975044815333279,-0.25263437674655786,-0.3836246231150049,-0.1663713027486982,-0.5825329606974587
0.45421973609809796,0.29099179121629165,0.7090082087837083,-0.24502272727336885,-0.3824649418973536,-0.1569716078620149,-0.5970035245642494
0.44881279329596274,0.27962060764700475,0.7203793923529953,-0.23732845688733903,-0.38093060651199856,-0.1478610421049258,-0.6114232101820078
0.4431212334441343,0.26838917885610564,0.7316108211438943,-0.22956467574006328,-0.37902043108704647,-0.13904247904656422,-0.6257778411173032
0.4371486658759418,0.2573046273146433,0.7426953726853567,-0.2217445504936698,-0.3767337394015515,-0.1305182958971186,-0.6400532057608685
0.43089887812726957,0.24637398235066563,0.7536260176493343,-0.213881285203909,-0.3740703663896188,-0.12229037173404222,-0.6542350766101823
0.4243758335346735,0.2356041756915381,0.7643958243084619,-0.2059881021567136,-0.3710306589193463,-0.11436008645136853,-0.6683092295951693
0.4175836687220087,0.22500203706814897,0.7749979629318511,-0.1980782226856111,-0.3676154758454026,-0.10672832043336082,-0.6822614634196168
0.4105266909771654,0.21457428988379662,0.7854257101162034,-0.19016484799741432,-0.3638261873350809,-0.09939545495270843,-0.6960776188908541
0.4032093755205822,0.20432754695051125,0.7956724530494887,-0.18226114003359983,-0.3596646734687053,-0.09236137329244239,-0.7097435982102555
0.3956363626672598,0.19426830629550287,0.8057316937044972,-0.1743802023947205,-0.3551333221162946,-0.08562546258969722,-0.7232453841972043
0.3878124548840781,0.18440294704039953,0.8155970529596005,-0.1665350613551179,-0.3502350260934252,-0.07918661639842627,-0.7365690594192259
0.3797426137442902,0.17473772535589865,0.8252622746441014,-0.15873864699507625,-0.3449731796002666,-0.07304323796715227,-0.7497008252011188
0.3714319567811091,0.16527877049437648,0.8347212295056236,-0.15100377447736582,-0.33935167394877036,-0.0671932442267942,-0.7626270204861268
0.362885754242401,0.15603208090299503,0.843967919097005,-0.1433431254949523,-0.3333748925840316,-0.06163407048262469,-0.775334140522339
0.35410942574852705,0.14700352041975204,0.852996479580248,-0.1357692299163683,-0.32704770540682276,-0.05636267580337877,-0.7878088553478113
0.34510853685546033,0.1381988145548948,0.8618011854451052,-0.12829444765498346,-0.32037546240531484,-0.05137554909955625,-0.800038028048148
0.33588879552536205,0.1296235468600609,0.870376453139939,-0.12093095078808463,-0.3133639866049836,-0.04666871588197229,-0.8120087327606103
0.3264560485068452,0.12128315538743678,0.8787168446125633,-0.11369070595130831,-0.30601956634665833,-0.04223774569062942,-0.8237082723991929
0.3168162776272247,0.11318292924118606,0.8868170707588139,-0.10658545703358627,-0.2983489469036421,-0.03807776018303681,-0.8351241960754884
0.3069755959991141,0.10532800522333904,0.894671994776661,-0.09962670819733632,-0.2903593214497756,-0.034183441870158954,-0.8462443161905878
0.29694024414375986,0.09772336457626044,0.9022766354237395,-0.09282570724815009,-0.28205832139122655,-0.030549043487242727,-0.8570567251737466
0.2867165860335794,0.09037382982376596,0.909626170176234,-0.08619342937774448,-0.2734540060757105,-0.027168397985872953,-0.8675498118440396
0.2763111050564176,0.08328406171289615,0.9167159382871038,-0.07974056130340884,-0.2645548518937348,-0.02403492913271831,-0.8777122773717416
0.26573039990406966,0.07645855625827686,0.9235414437417232,-0.07347748582660067,-0.2553697407873111,-0.0211416626995557,-0.8875331508167839
0.25498118038768264,0.06990164189094603,0.930098358109054,-0.06741426683275582,-0.24590794818244074,-0.01848123822832384,-0.8970018042221877
0.24407026318269837,0.06361747671345917,0.9363825232865407,-0.061560634753748796,-0.23617913036250085,-0.01604592135413406,-0.9061079672410357
0.23300456750601525,0.05761004586300247,0.9423899541369974,-0.055925972513761996,-0.22619331130043424,-0.01382761666836281,-0.914841741276204
0.22179111072813537,0.051883158984199755,0.9481168410158002,-0.05051930197865592,-0.2159608689684531,-0.011817881103189326,-0.9231936131127483
0.2104370039230589,0.04644044781320448,0.9535595521867954,-0.04534927092818893,-0.20549252114467625,-0.010007937818186438,-0.9311544680235856
0.19894944735875572,0.04128536387461356,0.9587146361253864,-0.04042414056970327,-0.19479931073685858,-0.008388690568862133,-0.9387156023298413
0.18733572593108155,0.036421176292666814,0.9635788237073333,-0.03575177361111866,-0.18389259064406216,-0.006950738536359585,-0.9458687353980062
0.17560320454401962,0.031850969718112944,0.9681490302818871,-0.03133962291026615,-0.17278400817775677,-0.005684391596861439,-0.9526060210568624
0.1637593234391847,0.027577642372060784,0.9724223576279393,-0.02719472071678132,-0.1614854890644846,-0.004579686008619734,-0.9589200584179498
0.15181159347755863,0.023603904208058735,0.9763960957919412,-0.023323668521928513,-0.15000922105282302,-0.003626400493935247,-0.9648039020841856
0.13976759137643516,0.01993227519356204,0.980067724806438,-0.019732627530850515,-0.13836763714792152,-0.0028140726928437593,-0.9702510717321414
0.12763495490460106,0.016565083711881177,0.983434916288119,-0.016427309770858156,-0.1265733984974403,-0.002132015964738351,-0.9752555610543463
0.11542137803880916,0.013504465085626603,0.9864955349143734,-0.013412969848464004,-0.11463937695321748,-0.0015693365136590198,-0.9798118460489104
0.10313460608459903,0.010752360222581563,0.9892476397774184,-0.01069439736693103,-0.10257863733343112,-0.0011149508125172505,-0.9839148926446888
0.09078243076456705,0.008310514384864449,0.9916894856151355,-0.008275910015170815,-0.09040441941047021,-0.0007576033010978258,-0.9875601636511406
0.07837268527720978,0.006180476082162759,0.9938195239178372,-0.006161347337865515,-0.07813011965012437,-0.00048588433228851513,-0.9907436250230097
0.06591323932945181,0.004363596089735952,0.9956364039102641,-0.004354065195708638,-0.06576927272802333,-0.0002882483406328383,-0.9934617514309192
0.05341199414603502,0.0028610265918151533,0.9971389734081848,-0.0028569309236834432,-0.05333553284962456,-0.00015303220698499473,-0.9957115311299629
0.040876877458911685,0.001673720450938773,0.9983262795490613,-0.0016723191942913079,-0.04084265490027904,-6.847379276453507e-05,-0.9974904701193728
0.028315838479827857,0.0008024306036894373,0.9991975693963107,-0.0008021085916415241,-0.028304475452177433,-2.2730617066978885e-05,-0.9987965955873459
0.01573684285929329,0.0002477095832157071,0.9997522904167843,-0.0002476789012967296,-0.015734893655183775,-3.898649682156918e-06,-0.9996284586361406
0.0031478676351186286,9.909168839854445e-06,0.9999900908311602,-9.909119743919271e-06,-0.003147852038704051,-3.119290643017489e-08,-0.9999851362835622
-0.009443103826268772,8.918016297516019e-05,0.9999108198370249,-8.917618633576474e-05,0.009442682748111499,8.421750917112495e-07,-0.9998662327379947
-0.02202808689251431,0.00048547229549385283,0.9995145277045062,-0.000485354439513317,0.02202273923044555,1.0696622681234019e-05,-0.9992718799451679
-0.03459910072883642,0.0011985342556060298,0.998801465744394,-0.0011978157980865702,0.034578360408758876,4.149308033073583e-05,-0.9982027374058798
-0.04714817335911856,0.0022279138512299995,0.9977720861487701,-0.002225430667314583,0.047095623039158034,0.00010515927671041532,-0.996659991264936
-0.05966734672137549,0.003572958295752022,0.9964270417042479,-0.003566569568489868,0.05956065686576971,0.00021357082269165826,-0.9946453526725981
-0.07214868171440383,0.005232814621994509,0.9947671853780055,-0.0052191054897000955,0.07195966377779799,0.00037853237053369693,-0.9921610554208753
-0.0845842632324084,0.007206430223130201,0.9927935697768697,-0.0071804169544090884,0.08427893686402427,0.0006117588754394214,-0.9892098528580121
-0.09696620518440312,0.00949255352019758,0.9905074464798025,-0.009447391803471905,0.09650487933765556,0.000924856986515936,-0.985795014085567
-0.10928665549522498,0.012089734755797528,0.9879102652442023,-0.012016431685184679,0.1086240233046414,0.0013293065939911698,-0.9819203194434786
-0.1215378010849638,0.014996326913463703,0.9850036730865364,-0.014883457246950957,0.12062304834875635,0.0018364425593137552,-0.9775900552895482
-0.1337118728236714,0.01821048676212729,0.9817895132378727,-0.01804391402115178,0.13248879990705237,0.0024574366545031035,-0.9728090080807474
-0.14580115045819997,0.0217301760250127,0.9782698239749873,-0.021492778996810374,0.14420830740955573,0.003203279736817183,-0.9675824577647755
-0.15779796750803676,0.025553162672220384,0.9744468373277796,-0.02522456786766104,0.15576880215741915,0.004084764184468837,-0.9619161704912517
-0.16969471612704684,0.029677022336181205,0.9703229776638188,-0.02923334294627226,0.16715773491413624,0.0051124666187499,-0.9558163906529095
-0.18148385192803193,0.03409913984908315,0.9659008601509169,-0.03351272173291669,0.1783627931848117,0.006296730937512269,-0.9492898322680978
-0.19315789876703945,0.038816710901292364,0.9611832890987076,-0.03805588612694397,0.1893719181589259,0.007647651684509617,-0.9423436697168497
-0.20470945348440164,0.043826743819721924,0.9561732561802782,-0.04285559226750242,0.20017332129253385,0.009175057778625746,-0.9349855278436731
-0.21613119059949187,0.04912606146501867,0.9508739385349814,-0.04790418098954926,0.2107555005063317,0.010888496626499908,-0.9272234714411371
-0.22741586695621258,0.054711303246361045,0.945288696753639,-0.05319358888020857,0.22110725597657152,0.012797218641510654,-0.9190659941292053
-0.2385563263162841,0.060578927252596844,0.9394210727474032,-0.05871535991968802,0.23121770549640638,0.01491016219150262,-0.91052200664611
-0.24954550389741437,0.06672521249836665,0.9332747875016333,-0.06446065769012134,0.2410762993858406,0.017235938997025482,-0.9016008245674175
-0.2603764308534628,0.07314626128378363,0.9268537387162165,-0.0704202781348902,0.250672834929102,0.019782820001209376,-0.8923121554707386
-0.2710422386937779,0.07983800166618459,0.9201619983338154,-0.07658466285020721,0.25999747031895326,0.022558721731733504,-0.882666085564312
-0.28153616363888245,0.08679619004237098,0.913203809957629,-0.0829439128899585,0.26904073808812407,0.025571193174632124,-0.8726730657984848
-0.2918515509097627,0.09401641383971424,0.9059835861602857,-0.08948780306409392,0.277793558008813,0.028827403178960688,-0.8623438974798024
-0.30198185894803475,0.1014940943144139,0.8985059056855861,-0.09620579671013206,0.28624724944194574,0.0323341284105802,-0.8516897174081626
-0.3119206635643043,0.10922448945512966,0.8907755105448704,-0.1030870609166724,0.29439354311865984,0.036097741872532764,-0.8407219825581559
-0.3216616620121036,0.11720269699015483,0.8827973030098452,-0.11012048217717188,0.3022245923373145,0.04012420200867822,-0.8294524543263468
-0.33119867698481376,0.12542365749622014,0.8745763425037799,-0.11729468245161662,0.3097329835601392,0.04441904240642249,-0.8178931823668807
-0.340525660533033,0.13388215760695088,0.8661178423930492,-0.12459803561313543,0.3169117463944912,0.048987362113511186,-0.8060564880383909
-0.3496366978999184,0.1425728333189527,0.8574271666810473,-0.132018684256065,0.32375436294458837,0.053833816582992584,-0.7939549474857073
-0.35852601127206285,0.1514901733934254,0.8485098266065747,-0.13954455684144682,0.33025477652046087,0.05896260925954952,-0.7816013743804062
-0.36718796344352234,0.16062852285114101,0.839371477148859,-0.147163385155452,0.3364073996917868,0.06437748381948168,-0.7690088023447247
-0.37561706139068285,0.16998208655858085,0.8300179134414192,-0.15486272205579707,0.3422071216752231,0.07008171707569541,-0.7561904670837938
-0.38380795975569226,0.17954493290295293,0.8204550670970471,-0.1626299594807887,0.34764931504477914,0.07607811255809974,-0.7431597882515684
-0.39175546423624374,0.18931099755375128,0.8106890024462486,-0.17045234669525666,0.3527298417557478,0.08236899477883923,-0.7299303510762234
-0.3994545348795755,0.19927408730848953,0.8007259126915104,-0.17831700874731632,0.357445058473701,0.08895620419083215,-0.7165158877710841
-0.4069002892785796,0.2094278840201485,0.7905721159798516,-0.18621096510956803,0.36179182120102577,0.09584109284706642,-0.7029302587575135
-0.4140880056680083,0.21976594860386522,0.7802340513961348,-0.19412114847810855,0.3657674891944999,0.1030245207671303,-0.6891874337263976
-0.4210131259188091,0.2302817251203156,0.7697182748796842,-0.20203442370248267,0.369369928168405,0.11050685301642744,-0.6753014725651236
-0.4276712584286832,0.2409685449331945,0.7590314550668055,-0.2099376068195166,0.372597512778692,0.11828795750250756,-0.6612865061771367
-0.4340581809070454,0.251819630938169,0.748180369061831,-0.2178174841638391,0.37544912838475075,0.12636720349193198,-0.6471567172212838
-0.4401698430526138,0.2628281018606181,0.7371718981393819,-0.2256608315277731,0.37792417208635476,0.13474346085005187,-0.632926320798292
-0.44600236912192753,0.273986976619426,0.7260130233805739,-0.23345443334320698,0.380022553034388,0.14341510000504137,-0.6186095451117996
-0.4515520603871716,0.28528917875407367,0.7147108212459262,-0.24118510185803707,0.38174469201500116,0.1523799926365075,-0.6042206121313624
-0.4568153974817462,0.29672754091221754,0.7032724590877825,-0.2488396962797668,0.3830915203078753,0.1616355130879509,-0.5897737182848838
-0.4617890426320899,0.30829480939489956,0.6917051906051006,-0.25640514185889146,0.3840644778203055,0.17117854050131165,-0.5752830152078667
-0.4664698417743472,0.3199836487565214,0.6800163512434784,-0.2638684488847979,0.38466551049985653,0.18100546167082265,-0.5607625905767774
-0.4708548265545373,0.3317866464566604,0.6682133535433395,-0.271216731567019,0.3848970670293643,0.19111217461234783,-0.5462264490537134
-0.4749412162109483,0.3436963175607648,0.6563036824392353,-0.2784372267748405,0.38476209480907914,0.20149409284335393,-0.5316884933694069
-0.47872641933757515,0.3557051094867729,0.6442948905132271,-0.28551731260848434,0.38426403523177244,0.2121461503676797,-0.5171625055713595
-0.48220803552747177,0.3678054067946176,0.6321945932053824,-0.29244452677529564,0.3834068182576268,0.22306280735821363,-0.5026621284637247
-0.4853838568949829,0.3799895360156009,0.6200104639843992,-0.29920658474467143,0.3821948562967313,0.23423805652963703,-0.488200847265212
-0.4882518694758873,0.3922497705185685,0.6077502294814315,-0.30579139765576285,0.3806330374079922,0.24566543019237524,-0.4737919715110195
-0.4908102545045624,0.404578335409789,0.5954216645902111,-0.31218708995233746,0.3787267178242439,0.25733800797792555,-0.4594486172244437
-0.49305738956736544,0.4169674124634473,0.5830325875365528,-0.3183820167195875,0.37648171381430084,0.269248425224793,-0.4451836893833994
-0.49499184963149595,0.42940914507961725,0.5705908549203828,-0.32436478069808156,0.3739042928936427,0.28138888201329715,-0.431009864706689
-0.4966124079486872,0.44189564326656156,0.5581043567334384,-0.3301242489505193,0.37100116439635183,0.29375115283658687,-0.4169395747843999
-0.4979180368331557,0.45441898864421537,0.5455810113557846,-0.33564956915745175,0.3677794694218274,0.3063265968943091,-0.40298498957628676
-0.49890790831331383,0.4669712394656717,0.5330287605343282,-0.3409301855186484,0.3642467701706989,0.3191061689944676,-0.3891580013014974
-0.499581394656832,0.47954443565347854,0.5204555643465214,-0.34595585423735475,0.3604110386852315,0.3320804310481353,-0.3754702087424363
-0.4999380687687186,0.49213060384756635,0.5078693961524335,-0.35071665856528667,0.35628064501035717,0.34523956414085916,-0.3619329019849416
-0.4999777044621653,0.5047217624616016,0.49527823753839856,-0.355203023386826,0.35186434479229955,0.35857338116374915,-0.34855704761635237
-0.4997002766019832,0.5173099267445442,0.4826900732554557,-0.35940572932153425,0.34717126633256173,0.37207133998643566,-0.335353274402387
-0.49910596112054406,0.5298871138442302,0.4701128861557699,-0.36331592632480636,0.3422108971158136,0.3857225571533457,-0.3223318594630353
-0.4981951349062106,0.5424453478697316,0.4575546521302682,-0.3669251467671733,0.3369930698309769,0.3995158220839351,-0.3095027149670016
-0.49696837556433177,0.5549766649493159,0.44502333505068425,-0.3702253179735355,0.3315279479055202,0.4134396117568559,-0.29687537536344827
-0.49542646105094973,0.5674731182807776,0.43252688171922243,-0.37320877420435283,0.3258260105736689,0.4274821058573023,-0.28445898516904267
-0.4935703691794564,0.5799267831709438,0.4200732168290561,-0.3758682680616306,0.3198980374999119,0.4416312023661248,-0.27226228732752555
-0.4914012770005073,0.5923297620611615,0.40767023793883855,-0.3781969813033494,0.3137550929798006,0.45587453356868507,-0.2602936121581663
-0.4889205600555877,0.6046741895355797,0.3953258104644203,-0.38018853505083694,0.3074085097406512,0.47019948246080484,-0.24856086690865617
-0.48612979150470687,0.6169522373090409,0.3830477626909591,-0.38183699937444027,0.30086987236533586,0.484593199528589,-0.23707152592712566
-0.48303074112876965,0.6291561191914326,0.37084388080856745,-0.3831369022437466,0.29415100036286507,0.49904261987839266,-0.2258326214670607
-0.47962537420725965,0.6412780960253432,0.3587219039746567,-0.38408323782950493,0.287263930909987,0.5135344806926729,-0.21485073513801395
-0.47591585027194816,0.6533104805938873,0.3466895194061128,-0.384671474145325,0.2802209012884906,0.528055338987003,-0.20413199001407764
-0.4719045217374144,0.6652456424955957,0.3347543575044043,-0.38489756001817066,0.273034331043326,0.5425915896431096,-0.19368204341112785
-0.4675939324092486,0.6770760129832807,0.3229239870167192,-0.3847579313776258,0.2657168038870615,0.5571294836923871,-0.18350608034291163
-0.46298681587088636,0.68879408976379,0.31120591023621,-0.3842495168548745,0.258281049376561,0.5716551468239602,-0.17360880766507927
-0.4580860937500886,0.7003924417556339,0.29960755824436625,-0.3833697426833276,0.25073992438806825,0.5861545980910993,-0.16399444891525178
-0.45289487386617855,0.7118637138014392,0.2881362861985607,-0.3821165368938228,0.24310639441720475,0.6006137687894352,-0.15466673985626433
-0.4474164482592004,0.723200631332266,0.27679936866773386,-0.3804883327983283,0.23539351473060235,0.615018521480237,-0.14562892472867373
-0.44165429110225307,0.7343960049808149,0.26560399501918497,-0.3784840717570943,0.22761441139612487,0.6293546691317637,-0.13688375321763663
-0.4356120564983267,0.7454427351405998,0.2545572648594002,-0.3761032052252243,0.21978226221880187,0.6436079943515394,-0.1284334781382356
-0.4292935761630328,0.7563338164682029,0.24366618353179711,-0.37334569607565743,0.2119102776097198,0.6577642686822841,-0.12027985384229113
-0.4227028569946998,0.7670623423257543,0.23293765767424568,-0.3702120191965895,0.20401168141522105,0.6718092719341232,-0.11242413534868041
-0.41584407853337907,0.7776215091608084,0.2223784908391916,-0.36670316136239645,0.19609969173382047,0.6857288115256333,-0.10486707819815046
-0.4087215903103666,0.7880046208208557,0.21199537917914432,-0.3628206203781534,0.18818750174824847,0.6995087418062996,-0.0976089390325607
-0.40133990908992195,0.798205092799726,0.20179490720027404,-0.35856640349888463,0.18028826060002315,0.713134983332955,-0.09064947689747224
-0.3937037160049415,0.8082164564131844,0.19178354358681562,-0.35394302512571313,0.1724150543338905,0.7265935420728316,-0.08398795526596414
-0.3858178535883909,0.8180323629010843,0.1819676370989157,-0.3489535037821042,0.1645808869393588,0.7398705285059841,-0.07762314478051426
-0.3776873227023853,0.8276465874534699,0.17235341254653017,-0.3436013583744296,0.15679866151642535,0.7529521765999624,-0.0715533267087694
-0.3693172793668696,0.8370530331580678,0.16294696684193216,-0.33789060374210117,0.14908116159241835,0.7658248626297788,-0.06577629710800832
-0.3607130314898959,0.846245734866683,0.153754265133317,-0.33182574550352373,0.14144103261663973,0.7784751238164794,-0.060289371692073525
-0.35188003550158925,0.8552188629780242,0.14478113702197584,-0.32541177420514045,0.13389076365926966,0.7908896767578188,-0.05508939139356814
-0.3428238928939212,0.8639667271345793,0.13603327286542077,-0.31865415878181813,0.12644266934067241,0.8030554356248941,-0.05017272861309619
-0.33355034666849187,0.8724837798311879,0.12751622016881206,-0.31155883933781364,0.11910887201693048,0.8149595300988823,-0.045535294146358915
-0.3240652776945782,0.8807646199330184,0.11923538006698166,-0.3041322192585341,0.11190128424706766,0.8265893230224022,-0.04117254477894868
-0.31437470097974707,0.8888039961007277,0.11119600389927235,-0.29638115666424236,0.10483159156700428,0.8379324277404404,-0.0370794915377192
-0.30448476185540374,0.8965968101206286,0.10340318987937124,-0.2883129552178138,0.09791123559486321,0.8489767251062055,-0.033250708586682644
-0.29440173207970133,0.9041381201377466,0.09586187986225335,-0.2799353542995694,0.09115139749177074,0.8597103801277457,-0.02968034275446132
-0.28413200586026927,0.9114231437897241,0.08857685621027599,-0.2712565185630989,0.08456298180177463,0.8701218582316912,-0.0263621236794125
-0.27368209579928976,0.9184472612395836,0.08155273876041633,-0.2622850268868857,0.07815660069397376,0.8801999411210146,-0.023289374557670117
-0.2630586287635008,0.9252060181054198,0.0747939818945801,-0.25302986073740763,0.07194255862937744,0.8899337422042691,-0.020455023478484796
-0.25226834168173046,0.9316951282851704,0.06830487171482963,-0.24350039196020912,0.06593083747439302,0.8993127215743947,-0.017851615330398148
-0.24131807727263507,0.9379104766746722,0.062089523325327904,-0.23370637001627362,0.06013108208221505,0.9083267005158042,-0.015471324260978893
-0.2302147797053576,0.9438481217772738,0.056151878222726194,-0.22365790868181773,0.05455258636271985,0.9169658755191293,-0.013305966672055984
-0.21896549019583914,0.9495042982033607,0.050495701796639245,-0.21336547223036922,0.04920427986075666,0.925220831783725,-0.011347014731613463
-0.20757734254159962,0.9548754190581938,0.04512458094180621,-0.20283986111676738,0.04409471486202294,0.9330825561887286,-0.0095856103827828
-0.19605755859779914,0.9599580782165593,0.040041921783440626,-0.1920921971833962,0.03923205404493468,0.9405424497142513,-0.008012579829649192
-0.18441344369745727,0.9647490524827831,0.035250947517216816,-0.18113390840966714,0.0346240586961371,0.9475923392950505,-0.006618448478913104
-0.1726523820187415,0.9692453036347348,0.030754696365265104,-0.16997671322641875,0.030278077506493906,0.9542244890898227,-0.005393456315795873
-0.1607818319022488,0.9734439803505341,0.026556019649465797,-0.15863260441750135,0.02620103596355516,0.960431611150118,-0.004327573691955174
-0.14880932112125583,0.9773424200167328,0.02265757998326719,-0.14711383263142308,0.022399426355660813,0.9662068754737038,-0.0034105175025907334
-0.13674244210794637,0.9809381504168233,0.019061849583176717,-0.13543288952649105,0.01887929840196221,0.971543919428084,-0.002631767729363956
-0.1245888471386268,0.9842288912990094,0.015771108700990574,-0.12360249057338206,0.01564625052174198,0.9764368565307919,-0.0019805843252306624
-0.11235624348099146,0.9872125558222408,0.012787444177759144,-0.11163555753958732,0.012705421755507547,0.9808802845739669,-0.0014460244167999988
-0.1000523885065224,0.989887251879593,0.010112748120406889,-0.09954520068062976,0.010061484349401016,0.9848692930816687,-0.0010169597993782572
-0.08768508477110788,0.9922512832981583,0.007748716701841776,-0.08734470066334862,0.0077186370135148424,0.9883994700893318,-0.000682094699437227
-0.07526217506700703,0.9943031509146822,0.0056968490853177,-0.07504749024694975,0.005680598863746425,0.9914669082357208,-0.00042998377886605926
-0.06279153744930693,0.9960415535262669,0.003958446473733126,-0.0626671357478674,0.0039506040558470006,0.9940682101587284,-0.0002490503550197106
-0.05028108024000457,0.9974653887155349,0.0025346112844651164,-0.05021731831476114,0.0025313971193264635,0.9962004931873439,-0.0001276048102682282
-0.03773873701290802,0.9985737535497337,0.0014262464502663313,-0.03771181504028975,0.001425228997883973,0.9978613933231264,-5.38631644814555e-05
-0.02517246156251525,0.9993659451533352,0.000634054846664887,-0.025164479936489372,0.0006338538020172109,0.999049068505519,-1.5965783650036498e-05
-0.012590222860069823,0.9998414611537679,0.00015853884623198933,-0.012589224800807444,0.0001585262784509669,0.9997622011563632,-1.9961976497473997e-06
-2.4492935982947064e-16,1.0,5.99903913064743e-32,-2.4492935982947064e-16,5.99903913064743e-32,1.0,-1.4693408138614192e-47
